epoch,video,frames,ap50,recall,zero_det_frames
1,data6,399,88.72,93.73,25
1,data11,745,94.41,96.24,27
1,data12,1500,99.83,100.00,0
1,data15,751,28.98,65.25,112
1,data18,500,87.11,95.00,17
1,data20,400,87.00,88.00,23
1,data21,500,21.97,57.00,2
2,data6,399,90.69,93.23,17
2,data11,745,94.06,95.57,23
2,data12,1500,99.99,100.00,0
2,data15,751,37.71,89.88,7
2,data18,500,91.27,96.40,11
2,data20,400,87.41,88.00,27
2,data21,500,49.83,68.40,55
3,data6,399,88.83,89.97,12
3,data11,745,92.48,93.69,12
3,data12,1500,99.98,100.00,0
3,data15,751,20.27,58.19,138
3,data18,500,94.70,97.00,6
3,data20,400,87.84,88.75,19
3,data21,500,75.98,84.20,48
4,data6,399,90.26,92.48,0
4,data11,745,94.49,95.84,0
4,data12,1500,99.01,99.93,1
4,data15,751,41.01,79.76,8
4,data18,500,94.08,100.00,0
4,data20,400,88.07,89.25,16
4,data21,500,56.42,80.00,1
5,data6,399,92.47,93.48,23
5,data11,745,95.53,96.38,23
5,data12,1500,100.00,100.00,0
5,data15,751,59.45,92.01,15
5,data18,500,98.04,99.80,0
5,data20,400,90.41,91.75,5
5,data21,500,40.19,76.80,0
6,data6,399,87.10,88.72,32
6,data11,745,92.76,93.96,32
6,data12,1500,100.00,100.00,0
6,data15,751,40.46,77.50,81
6,data18,500,98.00,99.40,3
6,data20,400,90.57,91.25,11
6,data21,500,51.03,73.80,1
7,data6,399,89.53,90.48,34
7,data11,745,93.93,94.90,34
7,data12,1500,100.00,100.00,0
7,data15,751,15.61,46.21,126
7,data18,500,92.33,95.80,11
7,data20,400,91.35,92.25,7
7,data21,500,69.06,79.60,4
8,data6,399,93.69,94.99,16
8,data11,745,96.74,97.45,16
8,data12,1500,100.00,100.00,0
8,data15,751,20.71,57.66,78
8,data18,500,96.54,98.80,4
8,data20,400,91.65,92.50,3
8,data21,500,67.93,78.80,26
9,data6,399,93.10,94.49,17
9,data11,745,96.37,97.05,17
9,data12,1500,100.00,100.00,0
9,data15,751,20.52,57.52,70
9,data18,500,95.95,98.80,5
9,data20,400,92.20,93.00,3
9,data21,500,71.96,80.00,26
10,data6,399,91.77,93.73,20
10,data11,745,95.68,96.64,20
10,data12,1500,100.00,100.00,0
10,data15,751,20.99,57.92,72
10,data18,500,96.14,98.80,5
10,data20,400,92.40,93.75,2
10,data21,500,64.96,76.20,13
11,data6,399,91.41,93.48,21
11,data11,745,95.59,96.64,21
11,data12,1500,100.00,100.00,0
11,data15,751,17.93,53.66,83
11,data18,500,96.46,98.80,5
11,data20,400,92.40,93.50,5
11,data21,500,65.11,77.40,9
12,data6,399,91.35,93.23,19
12,data11,745,95.52,96.38,19
12,data12,1500,100.00,100.00,0
12,data15,751,18.62,52.20,97
12,data18,500,96.33,98.60,5
12,data20,400,92.39,93.25,7
12,data21,500,64.51,76.60,12
13,data6,399,91.25,93.23,25
13,data11,745,95.51,96.38,25
13,data12,1500,100.00,100.00,0
13,data15,751,18.97,51.40,117
13,data18,500,96.10,98.20,8
13,data20,400,92.20,93.25,10
13,data21,500,57.61,70.40,12
14,data6,399,92.61,94.99,13
14,data11,745,96.57,97.32,13
14,data12,1500,100.00,100.00,0
14,data15,751,18.75,50.47,126
14,data18,500,94.61,97.60,10
14,data20,400,91.47,92.75,12
14,data21,500,52.29,66.00,16
15,data6,399,92.90,94.99,12
15,data11,745,96.64,97.32,12
15,data12,1500,100.00,100.00,0
15,data15,751,17.37,49.00,132
15,data18,500,94.01,97.20,13
15,data20,400,91.42,92.50,12
15,data21,500,55.26,68.00,9
16,data6,399,94.04,95.49,13
16,data11,745,96.84,97.58,13
16,data12,1500,100.00,100.00,0
16,data15,751,15.19,47.67,124
16,data18,500,95.28,97.80,9
16,data20,400,91.77,92.50,16
16,data21,500,48.70,64.80,8
17,data6,399,94.75,95.74,12
17,data11,745,96.87,97.72,12
17,data12,1500,100.00,100.00,0
17,data15,751,12.55,42.74,139
17,data18,500,95.82,97.80,10
17,data20,400,91.83,92.25,10
17,data21,500,39.79,61.40,6
18,data6,399,94.82,95.99,12
18,data11,745,96.92,97.85,12
18,data12,1500,100.00,100.00,0
18,data15,751,9.92,36.75,156
18,data18,500,95.50,97.20,13
18,data20,400,91.83,92.25,11
18,data21,500,24.27,52.60,7
19,data6,399,94.76,95.24,12
19,data11,745,96.95,97.45,12
19,data12,1500,100.00,100.00,0
19,data15,751,7.30,30.23,184
19,data18,500,94.27,96.00,19
19,data20,400,91.90,92.50,9
19,data21,500,16.02,48.00,8
20,data6,399,94.89,95.49,15
20,data11,745,96.98,97.45,15
20,data12,1500,100.00,100.00,0
20,data15,751,8.43,33.29,177
20,data18,500,93.41,95.80,19
20,data20,400,91.95,92.50,11
20,data21,500,12.35,40.40,19
21,data6,399,94.86,95.49,16
21,data11,745,96.93,97.58,16
21,data12,1500,100.00,100.00,0
21,data15,751,12.43,41.15,145
21,data18,500,94.44,96.20,17
21,data20,400,92.68,93.00,4
21,data21,500,16.62,43.20,18
22,data6,399,94.90,95.74,13
22,data11,745,96.94,97.72,13
22,data12,1500,100.00,100.00,0
22,data15,751,15.28,45.27,153
22,data18,500,95.57,97.20,10
22,data20,400,91.93,92.50,4
22,data21,500,14.87,40.40,45
23,data6,399,94.88,95.99,11
23,data11,745,96.98,97.85,11
23,data12,1500,100.00,100.00,0
23,data15,751,14.78,45.27,164
23,data18,500,95.98,97.60,7
23,data20,400,91.97,92.75,2
23,data21,500,16.04,42.00,37
24,data6,399,94.74,95.74,13
24,data11,745,96.89,97.58,13
24,data12,1500,100.00,100.00,0
24,data15,751,12.89,42.61,178
24,data18,500,96.12,97.60,10
24,data20,400,91.76,92.25,4
24,data21,500,14.89,39.20,52
25,data6,399,94.74,95.74,11
25,data11,745,96.90,97.58,11
25,data12,1500,100.00,100.00,0
25,data15,751,12.56,41.68,183
25,data18,500,96.98,98.00,8
25,data20,400,91.65,92.00,6
25,data21,500,13.71,37.40,66
26,data6,399,95.61,96.24,4
26,data11,745,97.01,97.99,4
26,data12,1500,100.00,100.00,0
26,data15,751,7.72,33.42,174
26,data18,500,97.25,98.60,6
26,data20,400,91.54,92.00,6
26,data21,500,13.11,41.20,47
27,data6,399,95.86,96.49,6
27,data11,745,97.74,98.12,6
27,data12,1500,100.00,100.00,0
27,data15,751,4.92,25.57,194
27,data18,500,97.15,98.60,5
27,data20,400,91.60,92.00,7
27,data21,500,9.29,36.20,53
28,data6,399,95.72,96.49,4
28,data11,745,96.99,97.85,4
28,data12,1500,100.00,100.00,0
28,data15,751,4.07,22.10,217
28,data18,500,96.23,97.20,10
28,data20,400,91.61,92.00,6
28,data21,500,12.79,38.80,42
29,data6,399,95.63,96.49,7
29,data11,745,97.76,98.26,7
29,data12,1500,100.00,100.00,0
29,data15,751,3.67,20.64,235
29,data18,500,96.27,97.20,10
29,data20,400,90.89,91.75,6
29,data21,500,16.22,42.80,39
30,data6,399,94.72,95.24,11
30,data11,745,96.94,97.58,11
30,data12,1500,100.00,100.00,0
30,data15,751,2.51,15.45,298
30,data18,500,97.31,98.60,5
30,data20,400,90.79,91.50,7
30,data21,500,13.61,43.80,25
31,data6,399,93.80,94.74,15
31,data11,745,96.82,97.32,15
31,data12,1500,100.00,100.00,0
31,data15,751,2.04,13.72,326
31,data18,500,98.16,99.20,3
31,data20,400,90.84,91.25,11
31,data21,500,12.44,45.60,22
32,data6,399,93.81,94.74,15
32,data11,745,96.85,97.18,15
32,data12,1500,100.00,100.00,0
32,data15,751,1.79,11.98,381
32,data18,500,98.17,99.40,2
32,data20,400,90.95,91.50,12
32,data21,500,13.12,45.80,30
33,data6,399,93.78,94.74,12
33,data11,745,96.85,97.18,12
33,data12,1500,100.00,100.00,0
33,data15,751,1.26,9.59,407
33,data18,500,98.19,99.60,1
33,data20,400,90.99,91.50,13
33,data21,500,12.72,41.60,50
34,data6,399,93.59,94.24,12
34,data11,745,96.00,96.91,12
34,data12,1500,100.00,100.00,0
34,data15,751,0.77,7.06,423
34,data18,500,98.18,99.60,1
34,data20,400,90.98,91.50,22
34,data21,500,13.23,41.20,55
35,data6,399,92.80,93.98,13
35,data11,745,95.97,96.78,13
35,data12,1500,100.00,100.00,0
35,data15,751,0.64,6.79,417
35,data18,500,98.01,99.40,2
35,data20,400,90.98,91.75,22
35,data21,500,15.00,43.40,67
36,data6,399,93.58,94.24,13
36,data11,745,95.99,96.91,13
36,data12,1500,100.00,100.00,0
36,data15,751,0.67,6.92,427
36,data18,500,97.14,98.80,5
36,data20,400,91.76,92.00,22
36,data21,500,9.04,34.00,85
37,data6,399,93.69,94.74,11
37,data11,745,96.81,97.18,11
37,data12,1500,100.00,100.00,0
37,data15,751,0.48,5.19,456
37,data18,500,96.93,98.00,7
37,data20,400,90.96,91.75,19
37,data21,500,7.16,32.40,90
38,data6,399,93.89,94.99,12
38,data11,745,96.89,97.45,12
38,data12,1500,100.00,100.00,0
38,data15,751,0.53,5.46,454
38,data18,500,96.03,97.80,9
38,data20,400,90.86,91.00,21
38,data21,500,7.67,32.00,97
39,data6,399,94.58,95.24,12
39,data11,745,96.92,97.45,12
39,data12,1500,100.00,100.00,0
39,data15,751,0.74,6.39,457
39,data18,500,95.91,97.40,10
39,data20,400,89.96,90.75,20
39,data21,500,7.41,29.20,102
40,data6,399,93.64,94.99,14
40,data11,745,96.75,97.45,14
40,data12,1500,100.00,100.00,0
40,data15,751,0.81,6.39,469
40,data18,500,95.69,97.00,12
40,data20,400,89.90,90.50,22
40,data21,500,9.51,33.00,93
41,data6,399,92.79,93.98,15
41,data11,745,95.94,96.91,15
41,data12,1500,100.00,100.00,0
41,data15,751,1.13,7.99,467
41,data18,500,95.85,97.20,11
41,data20,400,89.70,90.00,23
41,data21,500,9.31,33.00,96
42,data6,399,93.45,94.24,14
42,data11,745,96.69,97.05,14
42,data12,1500,100.00,100.00,0
42,data15,751,1.13,7.86,460
42,data18,500,96.09,97.00,12
42,data20,400,87.78,88.50,27
42,data21,500,6.33,28.80,101
43,data6,399,93.43,94.49,16
43,data11,745,96.76,97.18,16
43,data12,1500,100.00,100.00,0
43,data15,751,2.01,10.92,450
43,data18,500,96.06,97.00,12
43,data20,400,87.70,88.25,31
43,data21,500,5.52,26.20,105
44,data6,399,93.72,94.99,15
44,data11,745,96.87,97.45,15
44,data12,1500,100.00,100.00,0
44,data15,751,2.08,10.39,455
44,data18,500,96.06,97.00,11
44,data20,400,87.58,88.00,31
44,data21,500,6.09,28.40,99
45,data6,399,93.55,94.74,16
45,data11,745,96.85,97.18,16
45,data12,1500,100.00,100.00,0
45,data15,751,2.49,11.19,435
45,data18,500,95.40,96.80,13
45,data20,400,86.67,87.00,32
45,data21,500,7.98,32.40,102
46,data6,399,93.33,94.74,17
46,data11,745,96.74,97.05,17
46,data12,1500,100.00,100.00,0
46,data15,751,3.35,13.45,422
46,data18,500,95.27,96.60,15
46,data20,400,86.74,87.25,26
46,data21,500,7.56,29.20,127
47,data6,399,92.61,93.48,21
47,data11,745,95.99,96.51,21
47,data12,1500,100.00,100.00,0
47,data15,751,3.61,14.25,414
47,data18,500,94.98,96.40,15
47,data20,400,86.74,87.50,14
47,data21,500,5.73,25.00,154
48,data6,399,92.73,93.98,19
48,data11,745,95.99,96.78,19
48,data12,1500,100.00,100.00,0
48,data15,751,4.17,15.05,429
48,data18,500,94.85,96.00,15
48,data20,400,86.72,87.50,11
48,data21,500,4.05,20.40,178
49,data6,399,92.73,93.73,20
49,data11,745,96.00,96.64,20
49,data12,1500,100.00,100.00,0
49,data15,751,4.32,15.05,433
49,data18,500,94.96,96.40,12
49,data20,400,87.64,88.25,14
49,data21,500,2.62,16.20,204
50,data6,399,92.40,93.73,24
50,data11,745,95.96,96.64,24
50,data12,1500,100.00,100.00,0
50,data15,751,4.23,15.85,438
50,data18,500,95.19,96.40,12
50,data20,400,88.51,89.00,15
50,data21,500,3.01,18.00,201
51,data6,399,91.39,92.23,29
51,data11,745,95.00,95.84,29
51,data12,1500,100.00,100.00,0
51,data15,751,4.96,16.38,431
51,data18,500,95.29,96.80,10
51,data20,400,88.51,89.00,12
51,data21,500,4.68,22.40,201
52,data6,399,89.23,90.48,36
52,data11,745,93.98,94.90,36
52,data12,1500,100.00,100.00,0
52,data15,751,5.79,17.44,426
52,data18,500,95.20,96.80,10
52,data20,400,87.70,88.00,12
52,data21,500,7.72,28.00,188
53,data6,399,86.39,87.47,47
53,data11,745,92.93,93.42,47
53,data12,1500,100.00,100.00,0
53,data15,751,6.51,19.57,404
53,data18,500,94.82,96.00,12
53,data20,400,86.89,87.75,14
53,data21,500,8.25,28.60,180
54,data6,399,84.50,85.96,51
54,data11,745,91.93,92.62,51
54,data12,1500,100.00,100.00,0
54,data15,751,5.23,17.98,410
54,data18,500,93.81,95.40,13
54,data20,400,86.92,87.75,21
54,data21,500,6.74,24.60,206
55,data6,399,82.21,83.71,60
55,data11,745,90.84,91.41,60
55,data12,1500,100.00,100.00,0
55,data15,751,4.05,15.98,415
55,data18,500,92.76,94.40,16
55,data20,400,87.79,88.25,23
55,data21,500,5.42,21.40,227
56,data6,399,80.18,81.45,61
56,data11,745,89.85,90.20,61
56,data12,1500,100.00,100.00,0
56,data15,751,3.88,15.45,419
56,data18,500,92.80,94.40,17
56,data20,400,86.95,87.75,27
56,data21,500,5.82,22.20,226
57,data6,399,80.11,81.20,62
57,data11,745,89.80,90.07,62
57,data12,1500,100.00,100.00,0
57,data15,751,4.37,16.91,417
57,data18,500,92.73,94.20,17
57,data20,400,87.83,88.25,26
57,data21,500,6.30,23.60,225
58,data6,399,80.25,81.70,58
58,data11,745,89.83,90.34,58
58,data12,1500,100.00,100.00,0
58,data15,751,4.76,17.18,417
58,data18,500,92.79,95.00,14
58,data20,400,87.85,88.25,27
58,data21,500,6.36,25.60,207
59,data6,399,81.47,82.71,55
59,data11,745,89.95,90.87,55
59,data12,1500,100.00,100.00,0
59,data15,751,5.72,19.97,399
59,data18,500,93.18,95.00,14
59,data20,400,87.81,88.25,27
59,data21,500,6.72,27.80,184
60,data6,399,82.45,83.21,58
60,data11,745,90.82,91.14,57
60,data12,1500,100.00,100.00,0
60,data15,751,5.60,19.04,399
60,data18,500,93.34,95.00,13
60,data20,400,87.71,88.00,27
60,data21,500,5.40,24.40,186
61,data6,399,81.82,82.71,60
61,data11,745,90.03,90.87,59
61,data12,1500,100.00,100.00,0
61,data15,751,5.84,19.44,398
61,data18,500,93.22,94.60,16
61,data20,400,86.79,87.25,27
61,data21,500,6.11,26.40,172
62,data6,399,81.91,82.46,60
62,data11,745,90.06,90.74,59
62,data12,1500,100.00,100.00,0
62,data15,751,6.83,21.04,379
62,data18,500,93.29,94.60,16
62,data20,400,86.57,87.00,26
62,data21,500,8.48,31.40,152
63,data6,399,80.98,81.95,63
63,data11,745,90.01,90.47,62
63,data12,1500,100.00,100.00,0
63,data15,751,6.77,21.97,365
63,data18,500,93.22,94.40,17
63,data20,400,85.74,86.50,26
63,data21,500,10.62,35.20,157
64,data6,399,80.90,81.70,66
64,data11,745,89.95,90.34,65
64,data12,1500,100.00,100.00,0
64,data15,751,6.22,20.24,379
64,data18,500,93.03,94.80,16
64,data20,400,85.82,86.75,28
64,data21,500,10.86,34.60,169
65,data6,399,80.88,81.45,66
65,data11,745,89.95,90.20,65
65,data12,1500,100.00,100.00,0
65,data15,751,5.68,19.57,380
65,data18,500,92.98,94.60,16
65,data20,400,86.74,87.25,26
65,data21,500,12.40,36.20,162
66,data6,399,79.82,80.70,65
66,data11,745,89.02,89.80,64
66,data12,1500,100.00,100.00,0
66,data15,751,6.55,21.17,380
66,data18,500,93.03,94.40,16
66,data20,400,86.71,87.25,25
66,data21,500,11.53,35.40,145
67,data6,399,77.85,78.95,71
67,data11,745,88.07,88.86,70
67,data12,1500,100.00,100.00,0
67,data15,751,5.91,19.97,395
67,data18,500,92.21,93.60,17
67,data20,400,86.71,87.00,29
67,data21,500,12.70,36.20,140
68,data6,399,76.63,77.19,75
68,data11,745,87.94,88.05,74
68,data12,1500,100.00,100.00,0
68,data15,751,6.88,21.97,395
68,data18,500,92.26,93.40,18
68,data20,400,86.01,86.75,29
68,data21,500,13.04,36.80,130
69,data6,399,74.60,75.44,80
69,data11,745,86.95,87.11,79
69,data12,1500,100.00,100.00,0
69,data15,751,7.70,23.70,384
69,data18,500,92.33,93.40,20
69,data20,400,86.84,87.25,26
69,data21,500,12.06,35.80,128
70,data6,399,74.53,75.19,82
70,data11,745,86.08,86.98,81
70,data12,1500,100.00,100.00,0
70,data15,751,7.42,23.17,383
70,data18,500,92.35,93.60,19
70,data20,400,86.86,87.00,29
70,data21,500,10.42,33.80,135
71,data6,399,73.54,74.94,83
71,data11,745,86.04,86.71,82
71,data12,1500,100.00,100.00,0
71,data15,751,7.55,23.70,380
71,data18,500,92.34,93.60,19
71,data20,400,86.90,87.25,31
71,data21,500,9.95,33.40,132
72,data6,399,73.45,74.94,82
72,data11,745,85.99,86.71,81
72,data12,1500,100.00,100.00,0
72,data15,751,8.54,25.43,362
72,data18,500,92.30,93.20,22
72,data20,400,86.94,87.50,31
72,data21,500,10.60,35.20,118
73,data6,399,73.35,74.19,81
73,data11,745,85.95,86.44,81
73,data12,1500,100.00,100.00,0
73,data15,751,8.56,25.43,358
73,data18,500,91.40,92.80,24
73,data20,400,86.97,87.75,31
73,data21,500,11.47,37.00,119
74,data6,399,72.55,73.93,82
74,data11,745,85.97,86.31,82
74,data12,1500,100.00,100.00,0
74,data15,751,8.52,25.30,364
74,data18,500,91.28,92.20,28
74,data20,400,86.99,87.50,34
74,data21,500,11.43,37.20,119
75,data6,399,72.55,73.93,83
75,data11,745,85.94,86.17,84
75,data12,1500,100.00,100.00,0
75,data15,751,8.08,24.90,371
75,data18,500,91.17,92.00,29
75,data20,400,86.99,87.50,37
75,data21,500,10.54,36.00,121
76,data6,399,73.39,74.94,85
76,data11,745,86.03,86.58,85
76,data12,1500,100.00,100.00,0
76,data15,751,7.46,23.17,385
76,data18,500,90.38,91.80,31
76,data20,400,86.97,87.50,36
76,data21,500,10.07,35.20,117
77,data6,399,74.18,75.69,83
77,data11,745,86.03,86.85,83
77,data12,1500,100.00,100.00,0
77,data15,751,6.97,22.77,390
77,data18,500,90.38,91.80,31
77,data20,400,86.96,87.25,36
77,data21,500,9.91,34.40,116
78,data6,399,75.15,76.94,79
78,data11,745,86.97,87.52,80
78,data12,1500,100.00,100.00,0
78,data15,751,6.90,22.37,395
78,data18,500,91.06,92.00,33
78,data20,400,86.95,87.00,36
78,data21,500,10.11,34.60,116
79,data6,399,75.98,77.44,80
79,data11,745,87.06,87.79,81
79,data12,1500,100.00,100.00,0
79,data15,751,6.43,21.70,402
79,data18,500,90.26,91.80,36
79,data20,400,86.93,87.00,40
79,data21,500,10.03,33.80,121
80,data6,399,75.83,77.44,79
80,data11,745,87.02,87.65,80
80,data12,1500,100.00,100.00,0
80,data15,751,5.95,20.37,421
80,data18,500,90.15,91.40,38
80,data20,400,86.03,86.75,41
80,data21,500,10.32,33.80,129
81,data6,399,75.81,77.44,80
81,data11,745,87.03,87.65,81
81,data12,1500,100.00,100.00,0
81,data15,751,5.67,19.44,425
81,data18,500,90.09,91.00,38
81,data20,400,86.03,86.75,41
81,data21,500,10.72,34.00,133
82,data6,399,75.83,77.69,79
82,data11,745,87.04,87.65,80
82,data12,1500,100.00,100.00,0
82,data15,751,5.77,19.71,424
82,data18,500,89.22,90.40,41
82,data20,400,86.89,87.00,41
82,data21,500,10.85,34.00,136
83,data6,399,75.81,77.44,77
83,data11,745,87.03,87.79,78
83,data12,1500,100.00,100.00,0
83,data15,751,6.26,20.77,418
83,data18,500,88.37,89.80,43
83,data20,400,86.89,87.00,41
83,data21,500,11.28,35.00,135
84,data6,399,75.76,77.69,78
84,data11,745,87.04,87.79,78
84,data12,1500,100.00,100.00,0
84,data15,751,6.05,19.97,424
84,data18,500,88.27,89.60,44
84,data20,400,86.01,86.75,44
84,data21,500,11.79,35.40,140
85,data6,399,75.64,77.19,80
85,data11,745,87.04,87.65,80
85,data12,1500,100.00,100.00,0
85,data15,751,6.51,20.11,424
85,data18,500,88.21,89.40,46
85,data20,400,86.01,86.75,44
85,data21,500,12.27,35.60,140
86,data6,399,75.64,77.19,77
86,data11,745,87.04,87.65,77
86,data12,1500,100.00,100.00,0
86,data15,751,6.41,20.51,421
86,data18,500,88.18,89.20,47
86,data20,400,86.89,87.00,44
86,data21,500,12.70,36.00,140
87,data6,399,74.86,76.69,75
87,data11,745,87.01,87.52,75
87,data12,1500,100.00,100.00,0
87,data15,751,6.41,20.11,423
87,data18,500,87.40,88.80,49
87,data20,400,86.90,87.00,45
87,data21,500,13.01,36.20,138
88,data6,399,74.73,76.94,74
88,data11,745,87.00,87.65,74
88,data12,1500,100.00,100.00,0
88,data15,751,6.05,19.84,424
88,data18,500,87.41,88.60,50
88,data20,400,86.00,86.75,46
88,data21,500,12.41,35.60,141
89,data6,399,74.70,76.94,72
89,data11,745,86.98,87.65,72
89,data12,1500,100.00,100.00,0
89,data15,751,6.04,19.71,425
89,data18,500,87.40,88.60,50
89,data20,400,86.00,86.75,45
89,data21,500,12.42,35.40,140
90,data6,399,75.39,77.19,72
90,data11,745,86.98,87.79,72
90,data12,1500,100.00,100.00,0
90,data15,751,6.13,19.31,428
90,data18,500,87.39,88.40,51
90,data20,400,85.99,86.75,45
90,data21,500,12.46,35.20,145
91,data6,399,74.67,76.94,71
91,data11,745,86.97,87.79,71
91,data12,1500,100.00,100.00,0
91,data15,751,6.01,19.04,428
91,data18,500,87.38,88.00,52
91,data20,400,85.98,86.75,44
91,data21,500,12.49,34.80,148
92,data6,399,74.60,76.94,71
92,data11,745,86.95,87.79,71
92,data12,1500,100.00,100.00,0
92,data15,751,5.66,18.77,430
92,data18,500,86.51,87.80,52
92,data20,400,85.98,86.75,44
92,data21,500,12.73,35.00,155
93,data6,399,74.57,76.44,72
93,data11,745,86.92,87.52,72
93,data12,1500,100.00,100.00,0
93,data15,751,5.64,18.64,435
93,data18,500,86.50,87.80,52
93,data20,400,85.98,86.75,44
93,data21,500,13.02,34.80,162
94,data6,399,74.55,76.44,72
94,data11,745,86.90,87.52,72
94,data12,1500,100.00,100.00,0
94,data15,751,5.66,18.24,439
94,data18,500,86.50,87.80,53
94,data20,400,85.99,86.75,44
94,data21,500,13.46,34.80,165
95,data6,399,73.83,75.94,73
95,data11,745,86.88,87.52,71
95,data12,1500,100.00,100.00,0
95,data15,751,5.67,18.11,440
95,data18,500,86.49,87.60,54
95,data20,400,85.99,86.75,45
95,data21,500,14.16,35.20,170
96,data6,399,73.82,75.94,73
96,data11,745,86.86,87.52,71
96,data12,1500,100.00,100.00,0
96,data15,751,5.38,17.98,441
96,data18,500,86.47,87.40,54
96,data20,400,86.00,86.75,45
96,data21,500,14.35,35.00,173
97,data6,399,73.78,75.44,73
97,data11,745,86.87,87.38,71
97,data12,1500,100.00,100.00,0
97,data15,751,5.34,17.71,441
97,data18,500,86.45,87.40,54
97,data20,400,86.00,86.75,45
97,data21,500,14.67,34.80,176
98,data6,399,73.80,75.19,74
98,data11,745,86.88,87.38,71
98,data12,1500,100.00,100.00,0
98,data15,751,5.32,17.71,441
98,data18,500,86.45,87.40,54
98,data20,400,86.00,86.75,44
98,data21,500,14.76,34.60,176
99,data6,399,73.82,75.19,75
99,data11,745,86.88,87.38,72
99,data12,1500,100.00,100.00,0
99,data15,751,5.39,17.71,440
99,data18,500,86.47,87.40,54
99,data20,400,86.00,86.75,44
99,data21,500,14.93,34.40,179
100,data6,399,73.82,75.19,75
100,data11,745,86.88,87.38,72
100,data12,1500,100.00,100.00,0
100,data15,751,5.44,17.44,443
100,data18,500,86.46,87.40,54
100,data20,400,86.00,86.75,44
100,data21,500,15.14,34.40,181
